camera,imgtype,zoom,exposure,gain,frame,rotation,lifter,timestamp,id,barcode,treatment,velocity,cartag,measurementlabel,other,image,sample,area_NA,area_pixels,area_above_reference_NA,area_above_reference_pixels,area_below_reference_NA,area_below_reference_pixels,convex_hull_area_NA,convex_hull_area_pixels,convex_hull_vertices_NA,convex_hull_vertices_none,ellipse_angle_NA,ellipse_angle_degrees,ellipse_eccentricity_NA,ellipse_eccentricity_none,ellipse_major_axis_NA,ellipse_major_axis_pixels,ellipse_minor_axis_NA,ellipse_minor_axis_pixels,height_NA,height_pixels,height_above_reference_NA,height_above_reference_pixels,height_below_reference_NA,height_below_reference_pixels,horizontal_reference_position_NA,horizontal_reference_position_none,hue_circular_mean_NA,hue_circular_mean_degrees,hue_circular_std_NA,hue_circular_std_degrees,hue_median_NA,hue_median_degrees,in_bounds_NA,in_bounds_none,longest_path_NA,longest_path_pixels,median_color_chip_height_NA,median_color_chip_height_height,median_color_chip_size_NA,median_color_chip_size_median,median_color_chip_width_NA,median_color_chip_width_width,object_in_frame_NA,object_in_frame_none,percent_area_above_reference_NA,percent_area_above_reference_none,percent_area_below_reference_NA,percent_area_below_reference_none,perimeter_NA,perimeter_pixels,solidity_NA,solidity_none,width_NA,width_pixels
none,none,none,none,none,none,none,none,2024-07-19T09-12-38,03,none,none,none,none,none,Array-Pot,/Users/katiemurphy/Library/CloudStorage/OneDrive-DDPSC/Pheno_Core/Ditech/KM103/2024-07-19_endpoint-photos/Array-Pot_03_2024-07-19T09-12-38.jpg,default,NA,,NA,,NA,,NA,,NA,,NA,,NA,,NA,,NA,,NA,,NA,,NA,,NA,,NA,,NA,,NA,,NA,,NA,,,43.0,,1736.5,,43.0,NA,,NA,,NA,,NA,,NA,,NA,
none,none,none,none,none,none,none,none,2024-07-19T09-12-38,03,none,none,none,none,none,Array-Pot,/Users/katiemurphy/Library/CloudStorage/OneDrive-DDPSC/Pheno_Core/Ditech/KM103/2024-07-19_endpoint-photos/Array-Pot_03_2024-07-19T09-12-38.jpg,default_1,,80337.0,,80337,,0,,405313.0,,33,,95.00007629394531,,0.8303619964224077,,858.2139282226562,,478.2176818847656,,586,,586,,0,,2275,,75.64954713721235,,12.507229357993127,,78.0,,1,,6319,NA,,NA,,NA,,,1,,100.0,,0.0,,8864.472987413406,,0.1982097786155391,,954
none,none,none,none,none,none,none,none,2024-07-19T09-14-15,04,none,none,none,none,none,Array-Pot,/Users/katiemurphy/Library/CloudStorage/OneDrive-DDPSC/Pheno_Core/Ditech/KM103/2024-07-19_endpoint-photos/Array-Pot_04_2024-07-19T09-14-15.jpg,default,NA,,NA,,NA,,NA,,NA,,NA,,NA,,NA,,NA,,NA,,NA,,NA,,NA,,NA,,NA,,NA,,NA,,NA,,,43.0,,1720.5,,43.0,NA,,NA,,NA,,NA,,NA,,NA,
none,none,none,none,none,none,none,none,2024-07-19T09-14-15,04,none,none,none,none,none,Array-Pot,/Users/katiemurphy/Library/CloudStorage/OneDrive-DDPSC/Pheno_Core/Ditech/KM103/2024-07-19_endpoint-photos/Array-Pot_04_2024-07-19T09-14-15.jpg,default_1,,173494.0,,172955,,539,,774404.5,,22,,61.018062591552734,,0.3732296820907216,,874.19921875,,811.0286865234375,,1051,,1004,,47,,2275,,88.6653476739833,,11.492331237322682,,88.0,,1,,7578,NA,,NA,,NA,,,1,,99.689326432038,,0.31067356796200446,,13535.73630285263,,0.2240353716952833,,1075
none,none,none,none,none,none,none,none,2024-07-19T09-14-51,05,none,none,none,none,none,Array-Pot,/Users/katiemurphy/Library/CloudStorage/OneDrive-DDPSC/Pheno_Core/Ditech/KM103/2024-07-19_endpoint-photos/Array-Pot_05_2024-07-19T09-14-51.jpg,default,NA,,NA,,NA,,NA,,NA,,NA,,NA,,NA,,NA,,NA,,NA,,NA,,NA,,NA,,NA,,NA,,NA,,NA,,,43.0,,1727.5,,42.323089599609375,NA,,NA,,NA,,NA,,NA,,NA,
none,none,none,none,none,none,none,none,2024-07-19T09-14-51,05,none,none,none,none,none,Array-Pot,/Users/katiemurphy/Library/CloudStorage/OneDrive-DDPSC/Pheno_Core/Ditech/KM103/2024-07-19_endpoint-photos/Array-Pot_05_2024-07-19T09-14-51.jpg,default_1,,82963.0,,82963,,0,,332274.0,,27,,90.04329681396484,,0.7242629926080714,,683.9423828125,,471.5945739746094,,601,,601,,0,,2275,,76.32673942774072,,10.413227805431921,,78.0,,1,,5577,NA,,NA,,NA,,,1,,100.0,,0.0,,7353.464935183525,,0.249682490956259,,798
none,none,none,none,none,none,none,none,2024-07-19T09-15-24,07,none,none,none,none,none,Array-Pot,/Users/katiemurphy/Library/CloudStorage/OneDrive-DDPSC/Pheno_Core/Ditech/KM103/2024-07-19_endpoint-photos/Array-Pot_07_2024-07-19T09-15-24.jpg,default,NA,,NA,,NA,,NA,,NA,,NA,,NA,,NA,,NA,,NA,,NA,,NA,,NA,,NA,,NA,,NA,,NA,,NA,,,43.0,,1727.0,,42.0,NA,,NA,,NA,,NA,,NA,,NA,
none,none,none,none,none,none,none,none,2024-07-19T09-15-24,07,none,none,none,none,none,Array-Pot,/Users/katiemurphy/Library/CloudStorage/OneDrive-DDPSC/Pheno_Core/Ditech/KM103/2024-07-19_endpoint-photos/Array-Pot_07_2024-07-19T09-15-24.jpg,default_1,,154065.0,,154065,,0,,736678.0,,18,,95.36802673339844,,0.6883135634039806,,952.0386962890625,,690.6215209960938,,859,,859,,0,,2275,,87.99181795819246,,10.839314014959593,,88.0,,1,,6960,NA,,NA,,NA,,,1,,100.0,,0.0,,12074.06102848053,,0.20913479159144158,,1070
none,none,none,none,none,none,none,none,2024-07-19T09-15-42,06,none,none,none,none,none,Array-Pot,/Users/katiemurphy/Library/CloudStorage/OneDrive-DDPSC/Pheno_Core/Ditech/KM103/2024-07-19_endpoint-photos/Array-Pot_06_2024-07-19T09-15-42.jpg,default,NA,,NA,,NA,,NA,,NA,,NA,,NA,,NA,,NA,,NA,,NA,,NA,,NA,,NA,,NA,,NA,,NA,,NA,,,43.0,,1729.0,,43.0,NA,,NA,,NA,,NA,,NA,,NA,
none,none,none,none,none,none,none,none,2024-07-19T09-15-42,06,none,none,none,none,none,Array-Pot,/Users/katiemurphy/Library/CloudStorage/OneDrive-DDPSC/Pheno_Core/Ditech/KM103/2024-07-19_endpoint-photos/Array-Pot_06_2024-07-19T09-15-42.jpg,default_1,,172790.0,,172790,,0,,788743.0,,24,,87.99960327148438,,0.6778531690402094,,991.64501953125,,729.0547485351562,,943,,943,,0,,2275,,83.86728297929211,,13.38430916403699,,84.0,,1,,7530,NA,,NA,,NA,,,1,,100.0,,0.0,,18790.563297867775,,0.21907009000396835,,1092
none,none,none,none,none,none,none,none,2024-07-19T09-16-02,08,none,none,none,none,none,Array-Pot,/Users/katiemurphy/Library/CloudStorage/OneDrive-DDPSC/Pheno_Core/Ditech/KM103/2024-07-19_endpoint-photos/Array-Pot_08_2024-07-19T09-16-02.jpg,default,NA,,NA,,NA,,NA,,NA,,NA,,NA,,NA,,NA,,NA,,NA,,NA,,NA,,NA,,NA,,NA,,NA,,NA,,,43.0,,1733.5,,42.0,NA,,NA,,NA,,NA,,NA,,NA,
none,none,none,none,none,none,none,none,2024-07-19T09-16-02,08,none,none,none,none,none,Array-Pot,/Users/katiemurphy/Library/CloudStorage/OneDrive-DDPSC/Pheno_Core/Ditech/KM103/2024-07-19_endpoint-photos/Array-Pot_08_2024-07-19T09-16-02.jpg,default_1,,68603.0,,68603,,0,,266783.5,,19,,112.32203674316406,,0.7059851999535601,,606.7230834960938,,429.6974182128906,,558,,558,,0,,2275,,72.93649142282527,,12.572930630047132,,76.0,,1,,4636,NA,,NA,,NA,,,1,,100.0,,0.0,,6037.449954509735,,0.257148586775419,,687
none,none,none,none,none,none,none,none,2024-07-19T09-16-38,09,none,none,none,none,none,Array-Pot,/Users/katiemurphy/Library/CloudStorage/OneDrive-DDPSC/Pheno_Core/Ditech/KM103/2024-07-19_endpoint-photos/Array-Pot_09_2024-07-19T09-16-38.jpg,default,NA,,NA,,NA,,NA,,NA,,NA,,NA,,NA,,NA,,NA,,NA,,NA,,NA,,NA,,NA,,NA,,NA,,NA,,,43.0,,1705.0,,43.0,NA,,NA,,NA,,NA,,NA,,NA,
none,none,none,none,none,none,none,none,2024-07-19T09-16-38,09,none,none,none,none,none,Array-Pot,/Users/katiemurphy/Library/CloudStorage/OneDrive-DDPSC/Pheno_Core/Ditech/KM103/2024-07-19_endpoint-photos/Array-Pot_09_2024-07-19T09-16-38.jpg,default_1,,160501.0,,159843,,658,,642040.5,,26,,84.03426361083984,,0.4940061931084462,,828.3009643554688,,720.1732177734375,,920,,861,,59,,2275,,87.3091487127242,,15.847925732378016,,86.0,,1,,6742,NA,,NA,,NA,,,1,,99.5900337069551,,0.4099662930449032,,13431.032749652863,,0.24998578750094425,,968
none,none,none,none,none,none,none,none,2024-07-19T09-17-13,10,none,none,none,none,none,Array-Pot,/Users/katiemurphy/Library/CloudStorage/OneDrive-DDPSC/Pheno_Core/Ditech/KM103/2024-07-19_endpoint-photos/Array-Pot_10_2024-07-19T09-17-13.jpg,default,NA,,NA,,NA,,NA,,NA,,NA,,NA,,NA,,NA,,NA,,NA,,NA,,NA,,NA,,NA,,NA,,NA,,NA,,,43.0,,1730.0,,43.0,NA,,NA,,NA,,NA,,NA,,NA,
none,none,none,none,none,none,none,none,2024-07-19T09-17-13,10,none,none,none,none,none,Array-Pot,/Users/katiemurphy/Library/CloudStorage/OneDrive-DDPSC/Pheno_Core/Ditech/KM103/2024-07-19_endpoint-photos/Array-Pot_10_2024-07-19T09-17-13.jpg,default_1,,64337.0,,64337,,0,,206278.0,,24,,113.3957748413086,,0.8303362715452908,,622.342041015625,,346.8079833984375,,507,,507,,0,,2275,,74.85162167570599,,12.127775050145642,,78.0,,1,,4578,NA,,NA,,NA,,,1,,100.0,,0.0,,4680.208264827728,,0.3118946276384297,,694
none,none,none,none,none,none,none,none,2024-07-19T09-20-33,11,none,none,none,none,none,Array-Pot,/Users/katiemurphy/Library/CloudStorage/OneDrive-DDPSC/Pheno_Core/Ditech/KM103/2024-07-19_endpoint-photos/Array-Pot_11_2024-07-19T09-20-33.jpg,default,NA,,NA,,NA,,NA,,NA,,NA,,NA,,NA,,NA,,NA,,NA,,NA,,NA,,NA,,NA,,NA,,NA,,NA,,,43.0,,1728.0,,43.0,NA,,NA,,NA,,NA,,NA,,NA,
none,none,none,none,none,none,none,none,2024-07-19T09-20-33,11,none,none,none,none,none,Array-Pot,/Users/katiemurphy/Library/CloudStorage/OneDrive-DDPSC/Pheno_Core/Ditech/KM103/2024-07-19_endpoint-photos/Array-Pot_11_2024-07-19T09-20-33.jpg,default_1,,69586.0,,69586,,0,,314007.0,,15,,174.21888732910156,,0.4997643207329019,,606.9172973632812,,525.6883544921875,,741,,741,,0,,2275,,77.68391183472819,,10.425836530979277,,78.0,,1,,5082,NA,,NA,,NA,,,1,,100.0,,0.0,,6602.154121756554,,0.22160652469530934,,646
none,none,none,none,none,none,none,none,2024-07-19T09-21-12,14,none,none,none,none,none,Array-Pot,/Users/katiemurphy/Library/CloudStorage/OneDrive-DDPSC/Pheno_Core/Ditech/KM103/2024-07-19_endpoint-photos/Array-Pot_14_2024-07-19T09-21-12.jpg,default,NA,,NA,,NA,,NA,,NA,,NA,,NA,,NA,,NA,,NA,,NA,,NA,,NA,,NA,,NA,,NA,,NA,,NA,,,43.0,,1733.0,,43.0,NA,,NA,,NA,,NA,,NA,,NA,
none,none,none,none,none,none,none,none,2024-07-19T09-21-12,14,none,none,none,none,none,Array-Pot,/Users/katiemurphy/Library/CloudStorage/OneDrive-DDPSC/Pheno_Core/Ditech/KM103/2024-07-19_endpoint-photos/Array-Pot_14_2024-07-19T09-21-12.jpg,default_1,,195355.0,,195241,,114,,879609.0,,31,,74.81990051269531,,0.5972750627411076,,994.2417602539062,,797.4181518554688,,1083,,1070,,13,,2275,,85.23798069914409,,11.86051973963114,,84.0,,1,,7962,NA,,NA,,NA,,,1,,99.94164469811369,,0.058355301886309545,,22133.972727775574,,0.22209299813894584,,1223
none,none,none,none,none,none,none,none,2024-07-19T09-21-45,12,none,none,none,none,none,Array-Pot,/Users/katiemurphy/Library/CloudStorage/OneDrive-DDPSC/Pheno_Core/Ditech/KM103/2024-07-19_endpoint-photos/Array-Pot_12_2024-07-19T09-21-45.jpg,default,NA,,NA,,NA,,NA,,NA,,NA,,NA,,NA,,NA,,NA,,NA,,NA,,NA,,NA,,NA,,NA,,NA,,NA,,,43.0,,1735.5,,43.0,NA,,NA,,NA,,NA,,NA,,NA,
none,none,none,none,none,none,none,none,2024-07-19T09-21-45,12,none,none,none,none,none,Array-Pot,/Users/katiemurphy/Library/CloudStorage/OneDrive-DDPSC/Pheno_Core/Ditech/KM103/2024-07-19_endpoint-photos/Array-Pot_12_2024-07-19T09-21-45.jpg,default_1,,191738.0,,186241,,5497,,889317.0,,22,,63.57791519165039,,0.568715337538797,,944.498779296875,,776.8827514648438,,1051,,904,,147,,2275,,84.66064589078744,,12.220954518552215,,84.0,,1,,8760,NA,,NA,,NA,,,1,,97.13306699767391,,2.866933002326091,,21539.596116662025,,0.21560141097044136,,1181
none,none,none,none,none,none,none,none,2024-07-19T09-22-38,17,none,none,none,none,none,Array-Pot,/Users/katiemurphy/Library/CloudStorage/OneDrive-DDPSC/Pheno_Core/Ditech/KM103/2024-07-19_endpoint-photos/Array-Pot_17_2024-07-19T09-22-38.jpg,default,NA,,NA,,NA,,NA,,NA,,NA,,NA,,NA,,NA,,NA,,NA,,NA,,NA,,NA,,NA,,NA,,NA,,NA,,,43.0,,1725.5,,43.0,NA,,NA,,NA,,NA,,NA,,NA,
none,none,none,none,none,none,none,none,2024-07-19T09-22-38,17,none,none,none,none,none,Array-Pot,/Users/katiemurphy/Library/CloudStorage/OneDrive-DDPSC/Pheno_Core/Ditech/KM103/2024-07-19_endpoint-photos/Array-Pot_17_2024-07-19T09-22-38.jpg,default_1,,151895.0,,149623,,2272,,681909.0,,17,,97.39703369140625,,0.6127863695635631,,905.90673828125,,715.8915405273438,,897,,818,,79,,2275,,86.75509121069945,,11.107613423292724,,86.0,,1,,6803,NA,,NA,,NA,,,1,,98.50422989565159,,1.4957701043483986,,16247.368664503098,,0.2227496630782113,,1046
none,none,none,none,none,none,none,none,2024-07-19T09-23-20,18,none,none,none,none,none,Array-Pot,/Users/katiemurphy/Library/CloudStorage/OneDrive-DDPSC/Pheno_Core/Ditech/KM103/2024-07-19_endpoint-photos/Array-Pot_18_2024-07-19T09-23-20.jpg,default,NA,,NA,,NA,,NA,,NA,,NA,,NA,,NA,,NA,,NA,,NA,,NA,,NA,,NA,,NA,,NA,,NA,,NA,,,43.0,,1729.0,,43.0,NA,,NA,,NA,,NA,,NA,,NA,
none,none,none,none,none,none,none,none,2024-07-19T09-23-20,18,none,none,none,none,none,Array-Pot,/Users/katiemurphy/Library/CloudStorage/OneDrive-DDPSC/Pheno_Core/Ditech/KM103/2024-07-19_endpoint-photos/Array-Pot_18_2024-07-19T09-23-20.jpg,default_1,,65383.0,,65383,,0,,365365.5,,15,,23.242713928222656,,0.5970396967689524,,643.6349487304688,,516.3314819335938,,838,,838,,0,,2275,,77.46976067097704,,10.275887139073422,,78.0,,1,,3935,NA,,NA,,NA,,,1,,100.0,,0.0,,7963.022194743156,,0.17895230939976545,,640
none,none,none,none,none,none,none,none,2024-07-19T09-23-49,20,none,none,none,none,none,Array-Pot,/Users/katiemurphy/Library/CloudStorage/OneDrive-DDPSC/Pheno_Core/Ditech/KM103/2024-07-19_endpoint-photos/Array-Pot_20_2024-07-19T09-23-49.jpg,default,NA,,NA,,NA,,NA,,NA,,NA,,NA,,NA,,NA,,NA,,NA,,NA,,NA,,NA,,NA,,NA,,NA,,NA,,,43.08100128173828,,1736.0,,43.0,NA,,NA,,NA,,NA,,NA,,NA,
none,none,none,none,none,none,none,none,2024-07-19T09-23-49,20,none,none,none,none,none,Array-Pot,/Users/katiemurphy/Library/CloudStorage/OneDrive-DDPSC/Pheno_Core/Ditech/KM103/2024-07-19_endpoint-photos/Array-Pot_20_2024-07-19T09-23-49.jpg,default_1,,76688.0,,76688,,0,,457659.0,,17,,79.6049575805664,,0.8203765445980093,,837.8642578125,,479.1106262207031,,648,,648,,0,,2275,,79.99723315616909,,10.53007421071566,,80.0,,1,,7116,NA,,NA,,NA,,,1,,100.0,,0.0,,9625.987077713013,,0.1675658077302096,,1023
none,none,none,none,none,none,none,none,2024-07-19T09-24-32,19,none,none,none,none,none,Array-Pot,/Users/katiemurphy/Library/CloudStorage/OneDrive-DDPSC/Pheno_Core/Ditech/KM103/2024-07-19_endpoint-photos/Array-Pot_19_2024-07-19T09-24-32.jpg,default,NA,,NA,,NA,,NA,,NA,,NA,,NA,,NA,,NA,,NA,,NA,,NA,,NA,,NA,,NA,,NA,,NA,,NA,,,43.0,,1729.5,,42.0,NA,,NA,,NA,,NA,,NA,,NA,
none,none,none,none,none,none,none,none,2024-07-19T09-24-32,19,none,none,none,none,none,Array-Pot,/Users/katiemurphy/Library/CloudStorage/OneDrive-DDPSC/Pheno_Core/Ditech/KM103/2024-07-19_endpoint-photos/Array-Pot_19_2024-07-19T09-24-32.jpg,default_1,,191715.0,,191710,,5,,1002140.0,,20,,84.7740707397461,,0.660324272174368,,1086.1077880859375,,815.6458740234375,,1039,,1039,,0,,2275,,86.42716920729296,,12.118073149942838,,86.0,,1,,7981,NA,,NA,,NA,,,1,,99.99739196202697,,0.0026080379730328875,,27667.389963269234,,0.19130560600315324,,1260
none,none,none,none,none,none,none,none,2024-07-19T09-25-12,40,none,none,none,none,none,Array-Pot,/Users/katiemurphy/Library/CloudStorage/OneDrive-DDPSC/Pheno_Core/Ditech/KM103/2024-07-19_endpoint-photos/Array-Pot_40_2024-07-19T09-25-12.jpg,default,NA,,NA,,NA,,NA,,NA,,NA,,NA,,NA,,NA,,NA,,NA,,NA,,NA,,NA,,NA,,NA,,NA,,NA,,,43.0,,1726.5,,43.0,NA,,NA,,NA,,NA,,NA,,NA,
none,none,none,none,none,none,none,none,2024-07-19T09-25-12,40,none,none,none,none,none,Array-Pot,/Users/katiemurphy/Library/CloudStorage/OneDrive-DDPSC/Pheno_Core/Ditech/KM103/2024-07-19_endpoint-photos/Array-Pot_40_2024-07-19T09-25-12.jpg,default_1,,55580.0,,55580,,0,,321862.5,,10,,35.67666244506836,,0.6679243336516247,,646.0196533203125,,480.78668212890625,,740,,740,,0,,2275,,77.27534059665314,,11.962906955913748,,78.0,,1,,5090,NA,,NA,,NA,,,1,,100.0,,0.0,,7036.498819112778,,0.172682434269292,,652
none,none,none,none,none,none,none,none,2024-07-19T09-26-39,13,none,none,none,none,none,Array-Pot,/Users/katiemurphy/Library/CloudStorage/OneDrive-DDPSC/Pheno_Core/Ditech/KM103/2024-07-19_endpoint-photos/Array-Pot_13_2024-07-19T09-26-39.jpg,default,NA,,NA,,NA,,NA,,NA,,NA,,NA,,NA,,NA,,NA,,NA,,NA,,NA,,NA,,NA,,NA,,NA,,NA,,,44.0,,1731.0,,43.0,NA,,NA,,NA,,NA,,NA,,NA,
none,none,none,none,none,none,none,none,2024-07-19T09-26-39,13,none,none,none,none,none,Array-Pot,/Users/katiemurphy/Library/CloudStorage/OneDrive-DDPSC/Pheno_Core/Ditech/KM103/2024-07-19_endpoint-photos/Array-Pot_13_2024-07-19T09-26-39.jpg,default_1,,65093.0,,65021,,72,,356936.5,,22,,124.41317749023438,,0.6086198830973607,,668.4783325195312,,530.412109375,,673,,661,,12,,2275,,78.561677693157,,11.277594385785227,,80.0,,1,,5631,NA,,NA,,NA,,,1,,99.88938902800608,,0.1106109719939164,,8622.7873711586,,0.18236577094245054,,739
none,none,none,none,none,none,none,none,2024-07-19T09-27-04,39,none,none,none,none,none,Array-Pot,/Users/katiemurphy/Library/CloudStorage/OneDrive-DDPSC/Pheno_Core/Ditech/KM103/2024-07-19_endpoint-photos/Array-Pot_39_2024-07-19T09-27-04.jpg,default,NA,,NA,,NA,,NA,,NA,,NA,,NA,,NA,,NA,,NA,,NA,,NA,,NA,,NA,,NA,,NA,,NA,,NA,,,43.0,,1725.5,,43.0,NA,,NA,,NA,,NA,,NA,,NA,
none,none,none,none,none,none,none,none,2024-07-19T09-27-04,39,none,none,none,none,none,Array-Pot,/Users/katiemurphy/Library/CloudStorage/OneDrive-DDPSC/Pheno_Core/Ditech/KM103/2024-07-19_endpoint-photos/Array-Pot_39_2024-07-19T09-27-04.jpg,default_1,,212908.0,,212908,,0,,555715.5,,23,,124.91786193847656,,0.7402170925171179,,972.6069946289062,,653.9497680664062,,818,,818,,0,,2275,,99.67775085665598,,38.066338093550385,,114.0,,1,,5982,NA,,NA,,NA,,,1,,100.0,,0.0,,11945.950513362885,,0.3831240985720211,,1065
none,none,none,none,none,none,none,none,2024-07-19T09-27-21,39,none,none,none,none,none,Array-Pot,/Users/katiemurphy/Library/CloudStorage/OneDrive-DDPSC/Pheno_Core/Ditech/KM103/2024-07-19_endpoint-photos/Array-Pot_39_2024-07-19T09-27-21.jpg,default,NA,,NA,,NA,,NA,,NA,,NA,,NA,,NA,,NA,,NA,,NA,,NA,,NA,,NA,,NA,,NA,,NA,,NA,,,43.0,,1725.0,,42.0,NA,,NA,,NA,,NA,,NA,,NA,
none,none,none,none,none,none,none,none,2024-07-19T09-27-21,39,none,none,none,none,none,Array-Pot,/Users/katiemurphy/Library/CloudStorage/OneDrive-DDPSC/Pheno_Core/Ditech/KM103/2024-07-19_endpoint-photos/Array-Pot_39_2024-07-19T09-27-21.jpg,default_1,,167243.0,,157479,,9764,,754730.0,,20,,50.87953186035156,,0.5569904260172525,,994.68408203125,,826.1039428710938,,1035,,832,,203,,2275,,84.27213012044417,,10.453278346115082,,84.0,,1,,7530,NA,,NA,,NA,,,1,,94.16178853524512,,5.8382114647548775,,14378.321594834328,,0.22159315251811906,,1158
none,none,none,none,none,none,none,none,2024-07-19T09-29-45,30,none,none,none,none,none,Array-Pot,/Users/katiemurphy/Library/CloudStorage/OneDrive-DDPSC/Pheno_Core/Ditech/KM103/2024-07-19_endpoint-photos/Array-Pot_30_2024-07-19T09-29-45.jpg,default,NA,,NA,,NA,,NA,,NA,,NA,,NA,,NA,,NA,,NA,,NA,,NA,,NA,,NA,,NA,,NA,,NA,,NA,,,44.0,,1730.0,,42.0,NA,,NA,,NA,,NA,,NA,,NA,
none,none,none,none,none,none,none,none,2024-07-19T09-29-45,30,none,none,none,none,none,Array-Pot,/Users/katiemurphy/Library/CloudStorage/OneDrive-DDPSC/Pheno_Core/Ditech/KM103/2024-07-19_endpoint-photos/Array-Pot_30_2024-07-19T09-29-45.jpg,default_1,,68591.0,,68507,,84,,271892.5,,34,,106.81549072265625,,0.8705874301673645,,786.3510131835938,,386.8955078125,,525,,512,,13,,2275,,71.70881720927113,,11.789526552327247,,74.0,,1,,4772,NA,,NA,,NA,,,1,,99.87753495356534,,0.12246504643466344,,6089.170674324036,,0.25227249740246604,,797
none,none,none,none,none,none,none,none,2024-07-19T09-30-26,38,none,none,none,none,none,Array-Pot,/Users/katiemurphy/Library/CloudStorage/OneDrive-DDPSC/Pheno_Core/Ditech/KM103/2024-07-19_endpoint-photos/Array-Pot_38_2024-07-19T09-30-26.jpg,default,NA,,NA,,NA,,NA,,NA,,NA,,NA,,NA,,NA,,NA,,NA,,NA,,NA,,NA,,NA,,NA,,NA,,NA,,,43.0,,1732.0,,43.0,NA,,NA,,NA,,NA,,NA,,NA,
none,none,none,none,none,none,none,none,2024-07-19T09-30-26,38,none,none,none,none,none,Array-Pot,/Users/katiemurphy/Library/CloudStorage/OneDrive-DDPSC/Pheno_Core/Ditech/KM103/2024-07-19_endpoint-photos/Array-Pot_38_2024-07-19T09-30-26.jpg,default_1,,32443.0,,32443,,0,,245189.5,,13,,99.25079345703125,,0.5300466288447571,,567.8333129882812,,481.5047607421875,,652,,652,,0,,2275,,67.14080355363436,,13.983764928754677,,70.0,,1,,4725,NA,,NA,,NA,,,1,,100.0,,0.0,,6590.4088188409805,,0.13231806419116643,,611
none,none,none,none,none,none,none,none,2024-07-19T09-30-52,29,none,none,none,none,none,Array-Pot,/Users/katiemurphy/Library/CloudStorage/OneDrive-DDPSC/Pheno_Core/Ditech/KM103/2024-07-19_endpoint-photos/Array-Pot_29_2024-07-19T09-30-52.jpg,default,NA,,NA,,NA,,NA,,NA,,NA,,NA,,NA,,NA,,NA,,NA,,NA,,NA,,NA,,NA,,NA,,NA,,NA,,,43.374027252197266,,1726.0,,43.0,NA,,NA,,NA,,NA,,NA,,NA,
none,none,none,none,none,none,none,none,2024-07-19T09-30-52,29,none,none,none,none,none,Array-Pot,/Users/katiemurphy/Library/CloudStorage/OneDrive-DDPSC/Pheno_Core/Ditech/KM103/2024-07-19_endpoint-photos/Array-Pot_29_2024-07-19T09-30-52.jpg,default_1,,124400.0,,124393,,7,,510158.5,,24,,87.16165924072266,,0.6694709054092378,,827.7841186523438,,614.9097290039062,,731,,730,,1,,2275,,78.35873210975646,,14.05157396467738,,80.0,,1,,6222,NA,,NA,,NA,,,1,,99.9943729903537,,0.005627009646302251,,10673.703960418701,,0.2438457851824482,,903
none,none,none,none,none,none,none,none,2024-07-19T09-31-27,25,none,none,none,none,none,Array-Pot,/Users/katiemurphy/Library/CloudStorage/OneDrive-DDPSC/Pheno_Core/Ditech/KM103/2024-07-19_endpoint-photos/Array-Pot_25_2024-07-19T09-31-27.jpg,default,NA,,NA,,NA,,NA,,NA,,NA,,NA,,NA,,NA,,NA,,NA,,NA,,NA,,NA,,NA,,NA,,NA,,NA,,,43.0,,1731.0,,43.0,NA,,NA,,NA,,NA,,NA,,NA,
none,none,none,none,none,none,none,none,2024-07-19T09-31-27,25,none,none,none,none,none,Array-Pot,/Users/katiemurphy/Library/CloudStorage/OneDrive-DDPSC/Pheno_Core/Ditech/KM103/2024-07-19_endpoint-photos/Array-Pot_25_2024-07-19T09-31-27.jpg,default_1,,64224.0,,64224,,0,,314617.0,,18,,78.76422882080078,,0.7976114523462091,,736.3203735351562,,444.1275329589844,,521,,521,,0,,2275,,71.66591366252152,,12.8378873842883,,74.0,,1,,5965,NA,,NA,,NA,,,1,,100.0,,0.0,,7261.050477266312,,0.20413391520483637,,857
none,none,none,none,none,none,none,none,2024-07-19T09-31-59,23,none,none,none,none,none,Array-Pot,/Users/katiemurphy/Library/CloudStorage/OneDrive-DDPSC/Pheno_Core/Ditech/KM103/2024-07-19_endpoint-photos/Array-Pot_23_2024-07-19T09-31-59.jpg,default,NA,,NA,,NA,,NA,,NA,,NA,,NA,,NA,,NA,,NA,,NA,,NA,,NA,,NA,,NA,,NA,,NA,,NA,,,43.0,,1733.5,,42.0,NA,,NA,,NA,,NA,,NA,,NA,
none,none,none,none,none,none,none,none,2024-07-19T09-31-59,23,none,none,none,none,none,Array-Pot,/Users/katiemurphy/Library/CloudStorage/OneDrive-DDPSC/Pheno_Core/Ditech/KM103/2024-07-19_endpoint-photos/Array-Pot_23_2024-07-19T09-31-59.jpg,default_1,,53536.0,,53536,,0,,311215.0,,19,,72.19979858398438,,0.8834896934419445,,829.9806518554688,,388.804931640625,,574,,574,,0,,2275,,68.59169749153051,,10.860479255769421,,70.0,,1,,6663,NA,,NA,,NA,,,1,,100.0,,0.0,,6821.524902224541,,0.17202255675336986,,1027
none,none,none,none,none,none,none,none,2024-07-19T09-32-29,37,none,none,none,none,none,Array-Pot,/Users/katiemurphy/Library/CloudStorage/OneDrive-DDPSC/Pheno_Core/Ditech/KM103/2024-07-19_endpoint-photos/Array-Pot_37_2024-07-19T09-32-29.jpg,default,NA,,NA,,NA,,NA,,NA,,NA,,NA,,NA,,NA,,NA,,NA,,NA,,NA,,NA,,NA,,NA,,NA,,NA,,,43.0,,1723.5,,43.0,NA,,NA,,NA,,NA,,NA,,NA,
none,none,none,none,none,none,none,none,2024-07-19T09-32-29,37,none,none,none,none,none,Array-Pot,/Users/katiemurphy/Library/CloudStorage/OneDrive-DDPSC/Pheno_Core/Ditech/KM103/2024-07-19_endpoint-photos/Array-Pot_37_2024-07-19T09-32-29.jpg,default_1,,184355.0,,182345,,2010,,746880.5,,27,,99.95121002197266,,0.6009816771476653,,953.09912109375,,761.7766723632812,,900,,823,,77,,2275,,84.4377223227972,,13.144895084571601,,84.0,,1,,7345,NA,,NA,,NA,,,1,,98.9097122399718,,1.0902877600282064,,13971.132353544235,,0.24683332875875055,,1109
none,none,none,none,none,none,none,none,2024-07-19T09-33-06,24,none,none,none,none,none,Array-Pot,/Users/katiemurphy/Library/CloudStorage/OneDrive-DDPSC/Pheno_Core/Ditech/KM103/2024-07-19_endpoint-photos/Array-Pot_24_2024-07-19T09-33-06.jpg,default,NA,,NA,,NA,,NA,,NA,,NA,,NA,,NA,,NA,,NA,,NA,,NA,,NA,,NA,,NA,,NA,,NA,,NA,,,43.0,,1740.5,,42.0,NA,,NA,,NA,,NA,,NA,,NA,
none,none,none,none,none,none,none,none,2024-07-19T09-33-06,24,none,none,none,none,none,Array-Pot,/Users/katiemurphy/Library/CloudStorage/OneDrive-DDPSC/Pheno_Core/Ditech/KM103/2024-07-19_endpoint-photos/Array-Pot_24_2024-07-19T09-33-06.jpg,default_1,,110324.0,,107303,,3021,,361035.5,,22,,24.99503517150879,,0.489289581676234,,654.2802734375,,570.61181640625,,709,,628,,81,,2275,,80.98418725044992,,12.818319916895696,,80.0,,1,,5055,NA,,NA,,NA,,,1,,97.2617018962329,,2.738298103767086,,8148.01235306263,,0.3055765984231468,,674
none,none,none,none,none,none,none,none,2024-07-19T09-33-34,33,none,none,none,none,none,Array-Pot,/Users/katiemurphy/Library/CloudStorage/OneDrive-DDPSC/Pheno_Core/Ditech/KM103/2024-07-19_endpoint-photos/Array-Pot_33_2024-07-19T09-33-34.jpg,default,NA,,NA,,NA,,NA,,NA,,NA,,NA,,NA,,NA,,NA,,NA,,NA,,NA,,NA,,NA,,NA,,NA,,NA,,,43.0,,1738.0,,43.0,NA,,NA,,NA,,NA,,NA,,NA,
none,none,none,none,none,none,none,none,2024-07-19T09-33-34,33,none,none,none,none,none,Array-Pot,/Users/katiemurphy/Library/CloudStorage/OneDrive-DDPSC/Pheno_Core/Ditech/KM103/2024-07-19_endpoint-photos/Array-Pot_33_2024-07-19T09-33-34.jpg,default_1,,46553.0,,46354,,199,,293425.5,,17,,7.828456401824951,,0.3597333527087753,,554.0467529296875,,516.9561767578125,,708,,685,,23,,2275,,71.76777947510219,,12.869140763938619,,74.0,,1,,4873,NA,,NA,,NA,,,1,,99.57253023435653,,0.4274697656434601,,6292.068682670593,,0.15865355942138634,,639
none,none,none,none,none,none,none,none,2024-07-19T09-33-56,31,none,none,none,none,none,Array-Pot,/Users/katiemurphy/Library/CloudStorage/OneDrive-DDPSC/Pheno_Core/Ditech/KM103/2024-07-19_endpoint-photos/Array-Pot_31_2024-07-19T09-33-56.jpg,default,NA,,NA,,NA,,NA,,NA,,NA,,NA,,NA,,NA,,NA,,NA,,NA,,NA,,NA,,NA,,NA,,NA,,NA,,,43.0,,1727.5,,43.0,NA,,NA,,NA,,NA,,NA,,NA,
none,none,none,none,none,none,none,none,2024-07-19T09-33-56,31,none,none,none,none,none,Array-Pot,/Users/katiemurphy/Library/CloudStorage/OneDrive-DDPSC/Pheno_Core/Ditech/KM103/2024-07-19_endpoint-photos/Array-Pot_31_2024-07-19T09-33-56.jpg,default_1,,39435.0,,39409,,26,,255165.0,,15,,64.9559555053711,,0.4408156167549981,,551.9130859375,,495.3959045410156,,642,,637,,5,,2275,,68.97722569538566,,14.414823656467737,,74.0,,1,,4194,NA,,NA,,NA,,,1,,99.9340687206796,,0.06593127932040066,,6483.483305573463,,0.1545470577861384,,693
none,none,none,none,none,none,none,none,2024-07-19T09-34-22,26,none,none,none,none,none,Array-Pot,/Users/katiemurphy/Library/CloudStorage/OneDrive-DDPSC/Pheno_Core/Ditech/KM103/2024-07-19_endpoint-photos/Array-Pot_26_2024-07-19T09-34-22.jpg,default,NA,,NA,,NA,,NA,,NA,,NA,,NA,,NA,,NA,,NA,,NA,,NA,,NA,,NA,,NA,,NA,,NA,,NA,,,43.0,,1728.0,,43.0,NA,,NA,,NA,,NA,,NA,,NA,
none,none,none,none,none,none,none,none,2024-07-19T09-34-22,26,none,none,none,none,none,Array-Pot,/Users/katiemurphy/Library/CloudStorage/OneDrive-DDPSC/Pheno_Core/Ditech/KM103/2024-07-19_endpoint-photos/Array-Pot_26_2024-07-19T09-34-22.jpg,default_1,,95057.0,,93451,,1606,,389045.0,,30,,92.19827270507812,,0.619255430400879,,731.9002685546875,,574.6804809570312,,652,,544,,108,,2275,,78.89739577953205,,15.363677219460387,,80.0,,1,,5539,NA,,NA,,NA,,,1,,98.31048739177545,,1.689512608224539,,5632.902252912521,,0.24433420298423061,,787
none,none,none,none,none,none,none,none,2024-07-19T09-34-46,28,none,none,none,none,none,Array-Pot,/Users/katiemurphy/Library/CloudStorage/OneDrive-DDPSC/Pheno_Core/Ditech/KM103/2024-07-19_endpoint-photos/Array-Pot_28_2024-07-19T09-34-46.jpg,default,NA,,NA,,NA,,NA,,NA,,NA,,NA,,NA,,NA,,NA,,NA,,NA,,NA,,NA,,NA,,NA,,NA,,NA,,,43.0,,1716.0,,43.0,NA,,NA,,NA,,NA,,NA,,NA,
none,none,none,none,none,none,none,none,2024-07-19T09-34-46,28,none,none,none,none,none,Array-Pot,/Users/katiemurphy/Library/CloudStorage/OneDrive-DDPSC/Pheno_Core/Ditech/KM103/2024-07-19_endpoint-photos/Array-Pot_28_2024-07-19T09-34-46.jpg,default_1,,59419.0,,59419,,0,,209091.5,,32,,98.39054870605469,,0.8444141391421767,,626.729736328125,,335.7334289550781,,410,,410,,0,,2275,,72.28548850871097,,13.088269625346115,,74.0,,1,,4586,NA,,NA,,NA,,,1,,100.0,,0.0,,4945.44252872467,,0.28417702297797853,,679
none,none,none,none,none,none,none,none,2024-07-19T09-35-21,32,none,none,none,none,none,Array-Pot,/Users/katiemurphy/Library/CloudStorage/OneDrive-DDPSC/Pheno_Core/Ditech/KM103/2024-07-19_endpoint-photos/Array-Pot_32_2024-07-19T09-35-21.jpg,default,NA,,NA,,NA,,NA,,NA,,NA,,NA,,NA,,NA,,NA,,NA,,NA,,NA,,NA,,NA,,NA,,NA,,NA,,,43.0,,1719.0,,43.0,NA,,NA,,NA,,NA,,NA,,NA,
none,none,none,none,none,none,none,none,2024-07-19T09-35-21,32,none,none,none,none,none,Array-Pot,/Users/katiemurphy/Library/CloudStorage/OneDrive-DDPSC/Pheno_Core/Ditech/KM103/2024-07-19_endpoint-photos/Array-Pot_32_2024-07-19T09-35-21.jpg,default_1,,186921.0,,184105,,2816,,671323.0,,21,,97.21449279785156,,0.6552285801338803,,903.938232421875,,682.8626708984375,,841,,713,,128,,2275,,83.60530399680931,,11.849553529635207,,82.0,,1,,7487,NA,,NA,,NA,,,1,,98.4934812032891,,1.50651879671091,,11933.844833254814,,0.2784367584605324,,1093
none,none,none,none,none,none,none,none,2024-07-19T09-36-07,34,none,none,none,none,none,Array-Pot,/Users/katiemurphy/Library/CloudStorage/OneDrive-DDPSC/Pheno_Core/Ditech/KM103/2024-07-19_endpoint-photos/Array-Pot_34_2024-07-19T09-36-07.jpg,default,NA,,NA,,NA,,NA,,NA,,NA,,NA,,NA,,NA,,NA,,NA,,NA,,NA,,NA,,NA,,NA,,NA,,NA,,,43.0,,1736.0,,43.0,NA,,NA,,NA,,NA,,NA,,NA,
none,none,none,none,none,none,none,none,2024-07-19T09-36-07,34,none,none,none,none,none,Array-Pot,/Users/katiemurphy/Library/CloudStorage/OneDrive-DDPSC/Pheno_Core/Ditech/KM103/2024-07-19_endpoint-photos/Array-Pot_34_2024-07-19T09-36-07.jpg,default_1,,159900.0,,159409,,491,,665651.0,,19,,83.14508056640625,,0.6490867655185975,,897.447998046875,,682.7015991210938,,859,,819,,40,,2275,,82.64665217157975,,10.011678745564705,,82.0,,1,,7474,NA,,NA,,NA,,,1,,99.69293308317698,,0.3070669168230144,,12570.295590639114,,0.2402159690288154,,1040
none,none,none,none,none,none,none,none,2024-07-19T09-36-40,27,none,none,none,none,none,Array-Pot,/Users/katiemurphy/Library/CloudStorage/OneDrive-DDPSC/Pheno_Core/Ditech/KM103/2024-07-19_endpoint-photos/Array-Pot_27_2024-07-19T09-36-40.jpg,default,NA,,NA,,NA,,NA,,NA,,NA,,NA,,NA,,NA,,NA,,NA,,NA,,NA,,NA,,NA,,NA,,NA,,NA,,,43.0,,1717.0,,43.0,NA,,NA,,NA,,NA,,NA,,NA,
none,none,none,none,none,none,none,none,2024-07-19T09-36-40,27,none,none,none,none,none,Array-Pot,/Users/katiemurphy/Library/CloudStorage/OneDrive-DDPSC/Pheno_Core/Ditech/KM103/2024-07-19_endpoint-photos/Array-Pot_27_2024-07-19T09-36-40.jpg,default_1,,155010.0,,151370,,3640,,756607.0,,23,,89.34427642822266,,0.4976865225172095,,928.7439575195312,,805.5525512695312,,886,,751,,135,,2275,,79.68530536493365,,15.352068943130103,,80.0,,1,,7815,NA,,NA,,NA,,,1,,97.65176440229662,,2.3482355977033738,,11493.057719111443,,0.20487518619309628,,1026
